{
  "model": "OLS with HC3 robust SEs",
  "note": "Valence dropped due to frame-valence confounding",
  "n": 380,
  "r_squared": 0.0511360617174601,
  "adj_r_squared": 0.030675383803011824,
  "f_statistic": 2.68197265335554,
  "f_pvalue": 0.007079234061719369,
  "coefficients": {
    "(Intercept)": {
      "b": 1.1452464791841637,
      "se": 0.26804324383680816,
      "t": 4.2726183387088845,
      "p": 1.9319096581599054e-05
    },
    "HOPE": {
      "b": 0.408086867207333,
      "se": 0.40207257031266974,
      "t": 1.0149582372405714,
      "p": 0.3101257355188428
    },
    "CONFLICT": {
      "b": 1.1722021114117107,
      "se": 0.8011041037017784,
      "t": 1.4632331877906326,
      "p": 0.14340358249125015
    },
    "HUMANITARIAN": {
      "b": -0.16705923897663238,
      "se": 0.36039298236113426,
      "t": -0.46354742504178265,
      "p": 0.6429720294174621
    },
    "INJUSTICE": {
      "b": 0.2623065508244092,
      "se": 0.4827729575756381,
      "t": 0.5433331480322455,
      "p": 0.5869004452334021
    },
    "INFORMATIONAL": {
      "b": 0.9375419397427656,
      "se": 0.4589255260790198,
      "t": 2.0429064989105346,
      "p": 0.04106169486662475
    },
    "CALL_TO_ACTION": {
      "b": -0.19109230788276432,
      "se": 0.3925200307868105,
      "t": -0.4868345380991584,
      "p": 0.6263755923196871
    },
    "arousal:medium": {
      "b": 0.6248797048846564,
      "se": 0.3023801937899291,
      "t": 2.0665364918668434,
      "p": 0.038777850418623444
    },
    "arousal:high": {
      "b": 1.235385372469059,
      "se": 0.43161675381060777,
      "t": 2.8622275700890487,
      "p": 0.004206747370500816
    }
  }
}